1,bank,axis,8676657794,texas
2,individual,prakhar.s,7567451211,california
3,rental company,om.r,9009676800,indiana
4,individual,vaibhav.n,4565444354,plano
5,individual,nikhil.k,8432344324,san jose
6,individual,revati.d,8934673295,chicago
7,rental company,bappa.r,2537559364,washington
8,bank,hdfc,1037646396,california
9,individual,mokar.k,1234567890,indiana
10,rental company,sai.r,3864214376,plano
11,individual,akshay.w,9576845635,san jose
12,individual,ajay.g,9283746502,plano
13,rental company,laxmi.r,6574839201,plano
14,bank,sbi,1425364758,california
15,bank,chase,9685746352,indiana
16,individual,ajay.t,1357986421,plano
17,rental company,panda.r,1739564824,san jose
18,bank,wells,3838474756,plano
19,individual,shantanu.j,1919373755,plano
20,rental company,shree.r,7496875511,san jose
21,bank,bom,3529563418,plano
22,individual,suresh.w,6564754734,california
23,rental company,nikhil.r,9183764467,indiana
